Payment_Method,Failed_Transaction_Rate (%)
Credit Card,7.6923076923076925
Debit Card,10.606060606060606
Net Banking,10.679611650485436
UPI,8.899297423887589
