Customer_ID,Total_Transactions,Total_Value
C114,24,92271.4
C197,24,79698.77
C156,23,60808.350000000006
C154,23,95959.0
C158,23,73652.86
C180,22,88344.71
C184,22,73093.95999999999
C195,22,81157.0
C186,22,71645.67
C170,21,73606.4
